time,E,I
0.0,0.004701912277096535,3.221823160087132e-9
0.5,0.049005794273739786,1.5110619053988427e-8
1.0,0.10290282390227543,2.2095973869334214e-6
1.5,0.15068032140805546,0.0002306963995773126
2.0,0.19271285948834957,0.01094271704067651
2.5,0.22968780268668404,0.07763531686590835
3.0,0.26221340074521493,0.16343826929953928
3.5,0.2908217435889239,0.23993396500488712
4.0,0.31595722860251796,0.3048838197525582
4.5,0.33790583023791276,0.3585688137005616
5.0,0.3566885055286337,0.40121672360386124
5.5,0.3721993667534723,0.4332741444063365
6.0,0.38468694516206686,0.4560388528707184
6.5,0.3949498247280012,0.4715575415258892
7.0,0.4039871965921893,0.48191505731791845
7.5,0.4125598540375373,0.48874174700058853
8.0,0.420975396014411,0.4931598770311813
8.5,0.4291617934108934,0.4959390714588876
9.0,0.43690907916221094,0.4976322786863263
9.5,0.444053292001876,0.4986356668264297
10.0,0.450523499328571,0.49921827923770223
10.5,0.4563183524551771,0.4995519766847247
11.0,0.4614741762424641,0.499741390309184
11.5,0.46604351018904205,0.4998481517217552
12.0,0.4700834854538488,0.4999077904495306
12.5,0.4736501604856897,0.4999405147244725
13.0,0.4767959967281783,0.49995773392028386
13.5,0.47956890117030737,0.49996587797405423
14.0,0.4820120295232907,0.49996858752308937
14.5,0.4841639475740541,0.4999679516811112
15.0,0.4860589505565861,0.4999651997716517
15.5,0.4877274408051119,0.49996108407057127
16.0,0.4891963141934508,0.4999560895028847
16.5,0.4904893313483675,0.49995054739694217
17.0,0.49162746272632424,0.49994469666784697
17.5,0.4926292034340597,0.49993871662872946
18.0,0.49351085718486465,0.49993274479417377
18.5,0.4942867905580795,0.4999268869462435
19.0,0.49496965957363653,0.4999212233302678
19.5,0.49557061093441596,0.49991581296895005
20.0,0.496099460358859,0.4999106970657266
20.5,0.4965648503528069,0.4999059019347238
21.0,0.4969743896240907,0.4999014416275954
21.5,0.4973347761663519,0.4998973203061782
22.0,0.49765190585227115,0.49989353436351447
22.5,0.4979309681929463,0.4998900742846406
23.0,0.498176530746593,0.4998869262443274
23.5,0.49839261349870834,0.499884073447936
24.0,0.49858275438893196,0.49988149723100195
24.5,0.4987500670268864,0.49987917793959147
25.0,0.498897291519911,0.4998770956174457
25.5,0.49902683922885555,0.4998752305272012
26.0,0.4991408321730328,0.4998735635325008
26.5,0.49924113772094214,0.49987207636596337
27.0,0.49932939912847324,0.49987075180546237
27.5,0.4994070624199619,0.4998695737782512
28.0,0.4994754000488191,0.4998685274095524
28.5,0.4995355317226132,0.4998675990294218
29.0,0.49958844273173103,0.49986677614916425
29.5,0.49963500008035,0.4998660474163303
30.0,0.4996759666828426,0.4998654025554187
30.5,0.4997120138573224,0.4998648322997898
31.0,0.4997437323203644,0.49986432831898026
31.5,0.4997716418625386,0.49986388314453384
32.0,0.4997961998629061,0.49986349009660647
32.5,0.4998178087817001,0.4998631432129358
33.0,0.49983682275374136,0.4998628371812346
33.5,0.499853553390459,0.4998625672756798
34.0,0.49986827488546176,0.4998623292978577
34.5,0.49988122850722405,0.4998621195223122
35.0,0.49989262655243166,0.49986193464668094
35.5,0.4999026558247155,0.4998617717462901
36.0,0.49991148069573493,0.49986162823300856
36.5,0.49991924579874186,0.4998615018181088
37.0,0.49992607839874104,0.49986139047886147
37.5,0.49993209047806886,0.499861292428572
38.0,0.49993738057155546,0.4998612060897761
38.5,0.49994203538133103,0.4998611300703095
39.0,0.4999461311977351,0.49986106314198303
39.5,0.4999497351496085,0.4998610042216126
40.0,0.4999529063044476,0.49986095235416383
40.5,0.4999556966364556,0.49986090669779715
41.0,0.49995815187834763,0.49986086651061007
41.5,0.4999603122708689,0.49986083113889684
42.0,0.499962213222309,0.4998608000067595
42.5,0.4999638858888182,0.49986077260692025
43.0,0.49996535768503686,0.4998607484926024
43.5,0.49996665273340607,0.49986072727035924
44.0,0.49996779225952154,0.49986070859374226
44.5,0.4999687949400114,0.49986069215771345
45.0,0.49996967720863833,0.4998606776937173
45.5,0.49997045352564246,0.49986066496533155
46.0,0.4999711366147398,0.4998606537644365
46.5,0.4999717376716598,0.4998606439078354
47.0,0.4999722665476402,0.4998606352342777
47.5,0.49997273191088587,0.4998606276018352
48.0,0.49997314138863896,0.49986062088559147
48.5,0.4999735016921873,0.4998606149756065
49.0,0.499973818726861,0.4998606097751233
49.5,0.4999740976888197,0.4998606051989896
50.0,0.4999743431502167,0.4998606011722668
50.5,0.49997455913413563,0.49986059762900753
51.0,0.49997474918052814,0.49986059451117626
51.5,0.49997491640423314,0.49986059176770203
52.0,0.49997506354602855,0.49986058935364264
52.5,0.4999751930175522,0.49986058722944954
53.0,0.49997530694082837,0.49986058536032146
53.5,0.49997540718304734,0.4998605837156344
54.0,0.49997549538716823,0.4998605822684402
54.5,0.4999755729988475,0.4998605809950261
55.0,0.49997564129013217,0.49986057987452565
55.5,0.49997570138030945,0.49986057888857804
56.0,0.499975754254251,0.4998605780210267
56.5,0.49997580077855525,0.49986057725765476
57.0,0.4999758417157509,0.4998605765859524
57.5,0.49997587773679425,0.49986057599491185
58.0,0.4999759094320666,0.49986057547484714
58.5,0.4999759373210503,0.4998605750172354
59.0,0.4999759618608428,0.4998605746145768
59.5,0.4999759834536489,0.4998605742602724
60.0,0.49997600245337254,0.49986057394851574
60.5,0.4999760191714173,0.4998605736741974
61.0,0.49997603388179024,0.4998605734328214
61.5,0.49997604682559277,0.49986057322043176
62.0,0.49997605821497265,0.499860573033548
62.5,0.4999760682366006,0.4998605728691066
63.0,0.49997607705473013,0.4998605727244129
63.5,0.4999760848138895,0.49986057259709543
64.0,0.49997609164125056,0.49986057248506754
64.5,0.49997609764871304,0.49986057238649284
65.0,0.4999761029347387,0.499860572299756
65.5,0.49997610758596495,0.49986057222343516
66.0,0.4999761116786249,0.4998605721562799
66.5,0.4999761152797968,0.49986057209718915
67.0,0.4999761184485036,0.49986057204519474
67.5,0.49997612123668,0.4998605719994441
68.0,0.49997612369002403,0.49986057195918776
68.5,0.4999761258487457,0.49986057192376576
69.0,0.4999761277482262,0.49986057189259775
69.5,0.4999761294195979,0.4998605718651727
70.0,0.49997613089025433,0.499860571841041
70.5,0.4999761321842995,0.4998605718198073
71.0,0.4999761333229426,0.4998605718011235
71.5,0.49997613432484594,0.49986057178468346
72.0,0.4999761352064306,0.49986057177021775
72.5,0.49997613598214563,0.4998605717574893
73.0,0.49997613666470503,0.4998605717462894
73.5,0.4999761372652958,0.49986057173643433
74.0,0.4999761377937615,0.49986057172776277
74.5,0.4999761382587637,0.4998605717201327
75.0,0.4999761386679238,0.49986057171341886
75.5,0.49997613902794774,0.49986057170751125
76.0,0.4999761393447364,0.4998605717023132
76.5,0.49997613962348186,0.49986057169773923
77.0,0.4999761398687527,0.49986057169371473
77.5,0.49997614008456903,0.49986057169017334
78.0,0.4999761402744679,0.49986057168705744
78.5,0.4999761404415618,0.49986057168431564
79.0,0.49997614058858936,0.499860571681903
79.5,0.49997614071796037,0.49986057167978026
80.0,0.4999761408317952,0.4998605716779125
80.5,0.49997614093195963,0.4998605716762687
81.0,0.49997614102009535,0.4998605716748226
81.5,0.49997614109764676,0.49986057167355014
82.0,0.499976141165885,0.4998605716724304
82.5,0.49997614122592854,0.499860571671445
83.0,0.4999761412787614,0.49986057167057807
83.5,0.4999761413252496,0.4998605716698153
84.0,0.499976141366155,0.49986057166914416
84.5,0.4999761414021481,0.49986057166855363
85.0,0.49997614143381874,0.4998605716680339
85.5,0.4999761414616861,0.4998605716675766
86.0,0.49997614148620684,0.4998605716671743
86.5,0.4999761415077829,0.49986057166682013
87.0,0.49997614152676784,0.4998605716665086
87.5,0.4999761415434729,0.49986057166623427
88.0,0.4999761415581719,0.4998605716659931
88.5,0.49997614157110565,0.4998605716657812
89.0,0.49997614158248616,0.4998605716655944
89.5,0.4999761415925,0.4998605716654299
90.0,0.4999761416013113,0.49986057166528536
90.5,0.49997614160906445,0.4998605716651583
91.0,0.49997614161588655,0.4998605716650464
91.5,0.4999761416218893,0.49986057166494774
92.0,0.4999761416271712,0.49986057166486114
92.5,0.4999761416318188,0.4998605716647848
93.0,0.4999761416359083,0.4998605716647177
93.5,0.4999761416395067,0.49986057166465864
94.0,0.49997614164267296,0.49986057166460685
94.5,0.49997614164545895,0.49986057166456105
95.0,0.4999761416479104,0.49986057166452075
95.5,0.49997614165006743,0.4998605716644855
96.0,0.4999761416519654,0.4998605716644544
96.5,0.4999761416536355,0.4998605716644271
97.0,0.49997614165510507,0.49986057166440295
97.5,0.4999761416563981,0.49986057166438164
98.0,0.49997614165753584,0.49986057166436293
98.5,0.49997614165853693,0.49986057166434644
99.0,0.49997614165941784,0.4998605716643321
99.5,0.49997614166019294,0.49986057166431935
100.0,0.4999761416472006,0.49986057166430825
