source,source_role,phase,axis,amplitude,duration,B_E,B_I,status,destination,recovery,switch_E,switch_I
root_5,herald,0.0,E_withdrawal,0.0,1.0,0.35,0.0,compatible,herald,false,0.4943142780950648,0.4999176525624341
root_5,herald,0.0,E_withdrawal,0.04375,1.0,0.30624999999999997,0.0,compatible,herald,false,0.4939848148511694,0.499918736016726
root_5,herald,0.0,E_withdrawal,0.021875,1.0,0.328125,0.0,compatible,herald,false,0.4941593080090617,0.4999181665319112
root_5,herald,0.0,E_withdrawal,0.0875,1.0,0.26249999999999996,0.0,compatible,herald,false,0.49356613994088677,0.49992006360636315
root_5,herald,0.0,E_withdrawal,0.06562499999999999,1.0,0.284375,0.0,compatible,herald,false,0.4937881239468813,0.4999193664430134
root_5,herald,0.0,E_withdrawal,0.13125,1.0,0.21874999999999997,0.0,compatible,herald,false,0.49303131369600034,0.49992168299050765
root_5,herald,0.0,E_withdrawal,0.109375,1.0,0.24062499999999998,0.0,compatible,herald,false,0.49331526742840337,0.49992083364477424
root_5,herald,0.0,E_withdrawal,0.175,1.0,0.175,0.0,compatible,herald,false,0.49234365917477213,0.49992364628142444
root_5,herald,0.0,E_withdrawal,0.153125,1.0,0.19687499999999997,0.0,compatible,herald,false,0.49270936905732315,0.4999226182897659
root_5,herald,0.0,E_withdrawal,0.21875,1.0,0.13124999999999998,0.0,compatible,herald,false,0.4914523852240802,0.4999260066195804
root_5,herald,0.0,E_withdrawal,0.196875,1.0,0.15312499999999998,0.0,compatible,herald,false,0.49192736254895136,0.4999247736193751
root_5,herald,0.0,E_withdrawal,0.2625,1.0,0.08749999999999997,0.0,compatible,herald,false,0.49028593186733516,0.4999288109305525
root_5,herald,0.0,E_withdrawal,0.240625,1.0,0.10937499999999997,0.0,compatible,herald,false,0.49090908417346213,0.49992735090694135
root_5,herald,0.0,E_withdrawal,0.30625,1.0,0.043749999999999956,0.0,compatible,herald,false,0.4887421096517648,0.4999320859352552
root_5,herald,0.0,E_withdrawal,0.28437500000000004,1.0,0.06562499999999993,0.0,compatible,herald,false,0.4895691194716999,0.49993038930578165
root_5,herald,0.0,E_withdrawal,0.35,1.0,0.0,0.0,compatible,herald,false,0.4866750731233557,0.4999358127426897
root_5,herald,0.0,E_withdrawal,0.328125,1.0,0.021874999999999978,0.0,compatible,herald,false,0.4877851811747246,0.49993389685363665
root_5,herald,0.0,E_withdrawal,0.0,2.0,0.35,0.0,compatible,herald,false,0.4943142780950648,0.4999176525624341
root_5,herald,0.0,E_withdrawal,0.04375,2.0,0.30624999999999997,0.0,compatible,herald,false,0.49368639952200605,0.4999206673155164
root_5,herald,0.0,E_withdrawal,0.021875,2.0,0.328125,0.0,compatible,herald,false,0.4940213753450532,0.49991908266211504
root_5,herald,0.0,E_withdrawal,0.0875,2.0,0.26249999999999996,0.0,compatible,herald,false,0.4928591025505813,0.4999243598769781
root_5,herald,0.0,E_withdrawal,0.06562499999999999,2.0,0.284375,0.0,compatible,herald,false,0.4933019928696837,0.49992242124779485
root_5,herald,0.0,E_withdrawal,0.13125,2.0,0.21874999999999997,0.0,compatible,herald,false,0.49174982235839737,0.4999288544176011
root_5,herald,0.0,E_withdrawal,0.109375,2.0,0.24062499999999998,0.0,compatible,herald,false,0.492346455591607,0.49992649902147274
root_5,herald,0.0,E_withdrawal,0.175,2.0,0.175,0.0,compatible,herald,false,0.49022608468101453,0.4999342713102758
root_5,herald,0.0,E_withdrawal,0.153125,2.0,0.19687499999999997,0.0,compatible,herald,false,0.4910509625990843,0.4999314409331667
root_5,herald,0.0,E_withdrawal,0.21875,2.0,0.13124999999999998,0.0,compatible,herald,false,0.4880603118768482,0.4999406906575653
root_5,herald,0.0,E_withdrawal,0.196875,2.0,0.15312499999999998,0.0,compatible,herald,false,0.4892435421186021,0.4999373541522075
root_5,herald,0.0,E_withdrawal,0.2625,2.0,0.08749999999999997,0.0,compatible,herald,false,0.48482669876640655,0.49994805624104904
root_5,herald,0.0,E_withdrawal,0.240625,2.0,0.10937499999999997,0.0,compatible,herald,false,0.4866165027597248,0.4999442692217584
root_5,herald,0.0,E_withdrawal,0.30625,2.0,0.043749999999999956,0.0,compatible,herald,false,0.4796534513358241,0.49995589950188973
root_5,herald,0.0,E_withdrawal,0.28437500000000004,2.0,0.06562499999999993,0.0,compatible,herald,false,0.48256650821030755,0.49995197982423045
root_5,herald,0.0,E_withdrawal,0.35,2.0,0.0,0.0,compatible,active,true,0.4707796243861946,0.4999624024773941
root_5,herald,0.0,E_withdrawal,0.328125,2.0,0.021874999999999978,0.0,compatible,active,true,0.4758288369794475,0.49995954673802906
root_5,herald,0.0,E_withdrawal,0.3171875,2.0,0.03281249999999997,0.0,compatible,active,true,0.47787428424966016,0.4999577816394112
root_5,herald,0.0,E_withdrawal,0.31171875000000004,2.0,0.03828124999999993,0.0,compatible,herald,false,0.4787945975292572,0.49995685150791935
root_5,herald,0.0,E_withdrawal,0.30898437500000003,2.0,0.041015624999999944,0.0,compatible,herald,false,0.4792313977783429,0.4999563778417678
root_5,herald,0.0,E_withdrawal,0.314453125,2.0,0.03554687499999998,0.0,compatible,herald,false,0.4783424361784313,0.4999573197221516
root_5,herald,0.0,E_withdrawal,0.32265625,2.0,0.02734375,0.0,compatible,active,true,0.47688743334666106,0.4999586828312352
root_5,herald,0.0,E_withdrawal,0.3390625,2.0,0.010937499999999989,0.0,compatible,active,true,0.4734759873451885,0.49996112137749865
root_5,herald,0.0,E_withdrawal,0.0,5.0,0.35,0.0,compatible,herald,false,0.4943142780950648,0.4999176525624341
root_5,herald,0.0,E_withdrawal,0.04375,5.0,0.30624999999999997,0.0,compatible,herald,false,0.4929402494853252,0.4999261117512302
root_5,herald,0.0,E_withdrawal,0.021875,5.0,0.328125,0.0,compatible,herald,false,0.49369033227509823,0.49992164541017486
root_5,herald,0.0,E_withdrawal,0.0875,5.0,0.26249999999999996,0.0,compatible,herald,false,0.4908869617692546,0.49993667749098153
root_5,herald,0.0,E_withdrawal,0.06562499999999999,5.0,0.284375,0.0,compatible,herald,false,0.4920251116916105,0.49993110447782085
root_5,herald,0.0,E_withdrawal,0.13125,5.0,0.21874999999999997,0.0,compatible,herald,false,0.48751352982734447,0.499949734379319
root_5,herald,0.0,E_withdrawal,0.109375,5.0,0.24062499999999998,0.0,compatible,herald,false,0.48943457897125753,0.4999428790497951
root_5,herald,0.0,E_withdrawal,0.175,5.0,0.175,0.0,compatible,herald,false,0.4807745481474322,0.49996497905046905
root_5,herald,0.0,E_withdrawal,0.153125,5.0,0.19687499999999997,0.0,compatible,herald,false,0.4848348860228269,0.4999571961896852
root_5,herald,0.0,E_withdrawal,0.21875,5.0,0.13124999999999998,0.0,compatible,active,true,0.45796170611124687,0.49996872466683523
root_5,herald,0.0,E_withdrawal,0.196875,5.0,0.15312499999999998,0.0,compatible,active,true,0.47366391652503803,0.4999718001119675
root_5,herald,0.0,E_withdrawal,0.18593749999999998,5.0,0.1640625,0.0,compatible,active,true,0.4777942870686578,0.49996869212933137
root_5,herald,0.0,E_withdrawal,0.18046874999999998,5.0,0.16953125,0.0,compatible,herald,false,0.479394532012223,0.499966876168319
root_5,herald,0.0,E_withdrawal,0.177734375,5.0,0.17226562499999998,0.0,compatible,herald,false,0.48010895189678504,0.49996593491270813
root_5,herald,0.0,E_withdrawal,0.18320312499999997,5.0,0.166796875,0.0,compatible,herald,false,0.47862530870584136,0.4999677974576145
root_5,herald,0.0,E_withdrawal,0.19140625,5.0,0.15859374999999998,0.0,compatible,active,true,0.4759125038583934,0.49997036608897905
root_5,herald,0.0,E_withdrawal,0.2078125,5.0,0.14218749999999997,0.0,compatible,active,true,0.46754336848741246,0.49997315154625627
root_5,herald,0.0,E_withdrawal,0.2625,5.0,0.08749999999999997,0.0,compatible,active,true,0.3985198721457511,0.49722585880165515
root_5,herald,0.0,E_withdrawal,0.240625,5.0,0.10937499999999997,0.0,compatible,active,true,0.42769921411563494,0.4997987659516081
root_5,herald,0.0,E_withdrawal,0.30625,5.0,0.043749999999999956,0.0,compatible,active,true,0.35767033060390424,0.4548116245497456
root_5,herald,0.0,E_withdrawal,0.28437500000000004,5.0,0.06562499999999993,0.0,compatible,active,true,0.3756645512715009,0.48284647435514455
root_5,herald,0.0,E_withdrawal,0.35,5.0,0.0,0.0,compatible,active,true,0.3315515574483014,0.39706674640034173
root_5,herald,0.0,E_withdrawal,0.328125,5.0,0.021874999999999978,0.0,compatible,active,true,0.34325763994858377,0.42440215765478767
root_5,herald,0.0,E_withdrawal,0.0,10.0,0.35,0.0,compatible,herald,false,0.4943142780950648,0.4999176525624341
root_5,herald,0.0,E_withdrawal,0.04375,10.0,0.30624999999999997,0.0,compatible,herald,false,0.49204437067879797,0.4999322158690386
root_5,herald,0.0,E_withdrawal,0.021875,10.0,0.328125,0.0,compatible,herald,false,0.4933323928579955,0.4999243858293896
root_5,herald,0.0,E_withdrawal,0.0875,10.0,0.26249999999999996,0.0,compatible,herald,false,0.48758447561072893,0.49995223566156943
root_5,herald,0.0,E_withdrawal,0.06562499999999999,10.0,0.284375,0.0,compatible,herald,false,0.49026427870053374,0.49994139565136003
root_5,herald,0.0,E_withdrawal,0.13125,10.0,0.21874999999999997,0.0,compatible,active,true,0.46974885552920287,0.4999756648517923
root_5,herald,0.0,E_withdrawal,0.109375,10.0,0.24062499999999998,0.0,compatible,herald,false,0.4828321297658898,0.4999649049932828
root_5,herald,0.0,E_withdrawal,0.0984375,10.0,0.25156249999999997,0.0,compatible,herald,false,0.4856130400361263,0.49995835981151127
root_5,herald,0.0,E_withdrawal,0.1203125,10.0,0.2296875,0.0,compatible,herald,false,0.4784386783521008,0.49997148328439284
root_5,herald,0.0,E_withdrawal,0.11484375,10.0,0.23515624999999998,0.0,compatible,herald,false,0.4809257162937545,0.49996824693267483
root_5,herald,0.0,E_withdrawal,0.12578125,10.0,0.22421874999999997,0.0,compatible,active,true,0.47499081938047205,0.4999742825554261
root_5,herald,0.0,E_withdrawal,0.123046875,10.0,0.22695312499999998,0.0,compatible,active,true,0.47687089373551134,0.4999729734762051
root_5,herald,0.0,E_withdrawal,0.12851562500000002,10.0,0.22148437499999996,0.0,compatible,active,true,0.4726795569458331,0.49997526935369924
root_5,herald,0.0,E_withdrawal,0.175,10.0,0.175,0.0,compatible,active,true,0.32200617787771485,0.37326154613154927
root_5,herald,0.0,E_withdrawal,0.153125,10.0,0.19687499999999997,0.0,compatible,active,true,0.39281607650326594,0.49539978120287215
root_5,herald,0.0,E_withdrawal,0.21875,10.0,0.13124999999999998,0.0,compatible,active,true,0.2978278702816896,0.2853955973208018
root_5,herald,0.0,E_withdrawal,0.196875,10.0,0.15312499999999998,0.0,compatible,active,true,0.2937693714246143,0.28655190600157887
root_5,herald,0.0,E_withdrawal,0.2625,10.0,0.08749999999999997,0.0,compatible,active,true,0.29515617328409427,0.28320855665583633
root_5,herald,0.0,E_withdrawal,0.240625,10.0,0.10937499999999997,0.0,compatible,active,true,0.29728819281538255,0.28761214261085777
root_5,herald,0.0,E_withdrawal,0.30625,10.0,0.043749999999999956,0.0,compatible,active,true,0.29238296935384583,0.2754763592759395
root_5,herald,0.0,E_withdrawal,0.28437500000000004,10.0,0.06562499999999993,0.0,compatible,active,true,0.2936058017526087,0.27891069157008913
root_5,herald,0.0,E_withdrawal,0.35,10.0,0.0,0.0,compatible,active,true,0.29000230250447706,0.26937627789393503
root_5,herald,0.0,E_withdrawal,0.328125,10.0,0.021874999999999978,0.0,compatible,active,true,0.2912091187491885,0.27240025769588083
root_5,herald,0.0,E_withdrawal,0.0,20.0,0.35,0.0,compatible,herald,false,0.4943142780950648,0.4999176525624341
root_5,herald,0.0,E_withdrawal,0.04375,20.0,0.30624999999999997,0.0,compatible,herald,false,0.4909625692188211,0.49993875951772987
root_5,herald,0.0,E_withdrawal,0.021875,20.0,0.328125,0.0,compatible,herald,false,0.492997244518272,0.4999268473380284
root_5,herald,0.0,E_withdrawal,0.0875,20.0,0.26249999999999996,0.0,compatible,active,true,0.46425761932964155,0.4999742003481832
root_5,herald,0.0,E_withdrawal,0.06562499999999999,20.0,0.284375,0.0,compatible,herald,false,0.48699195524164307,0.4999555565794473
root_5,herald,0.0,E_withdrawal,0.05468749999999999,20.0,0.2953125,0.0,compatible,herald,false,0.4893906094157064,0.4999463182804362
root_5,herald,0.0,E_withdrawal,0.07656249999999999,20.0,0.2734375,0.0,compatible,herald,false,0.48244548869290427,0.49996721997207144
root_5,herald,0.0,E_withdrawal,0.07109374999999998,20.0,0.27890625,0.0,compatible,herald,false,0.4851655937185985,0.49996104170187033
root_5,herald,0.0,E_withdrawal,0.08203125,20.0,0.26796875,0.0,compatible,active,true,0.4776234323996226,0.499973766698412
root_5,herald,0.0,E_withdrawal,0.07929687499999999,20.0,0.270703125,0.0,compatible,herald,false,0.48044807412966334,0.49997052113038276
root_5,herald,0.0,E_withdrawal,0.084765625,20.0,0.26523437499999997,0.0,compatible,active,true,0.4731383379177381,0.49997625592198647
root_5,herald,0.0,E_withdrawal,0.13125,20.0,0.21874999999999997,0.0,compatible,active,true,0.3028510497241355,0.3015351270887484
root_5,herald,0.0,E_withdrawal,0.109375,20.0,0.24062499999999998,0.0,compatible,active,true,0.3047947983109624,0.3066745364953042
root_5,herald,0.0,E_withdrawal,0.175,20.0,0.175,0.0,compatible,active,true,0.3002721399480134,0.29513149259752425
root_5,herald,0.0,E_withdrawal,0.153125,20.0,0.19687499999999997,0.0,compatible,active,true,0.30156438834542365,0.29833871196582135
root_5,herald,0.0,E_withdrawal,0.21875,20.0,0.13124999999999998,0.0,compatible,active,true,0.2976934722147683,0.2887240178503014
root_5,herald,0.0,E_withdrawal,0.196875,20.0,0.15312499999999998,0.0,compatible,active,true,0.2989817149793761,0.291926643628335
root_5,herald,0.0,E_withdrawal,0.2625,20.0,0.08749999999999997,0.0,compatible,active,true,0.29512241035353254,0.28232422658070405
root_5,herald,0.0,E_withdrawal,0.240625,20.0,0.10937499999999997,0.0,compatible,active,true,0.296407097304184,0.2855232961870139
root_5,herald,0.0,E_withdrawal,0.30625,20.0,0.043749999999999956,0.0,compatible,active,true,0.29255740393418517,0.27593031090696063
root_5,herald,0.0,E_withdrawal,0.28437500000000004,20.0,0.06562499999999993,0.0,compatible,active,true,0.29383923840516124,0.2791266295224494
root_5,herald,0.0,E_withdrawal,0.35,20.0,0.0,0.0,compatible,active,true,0.2899970545697738,0.2695407316589725
root_5,herald,0.0,E_withdrawal,0.328125,20.0,0.021874999999999978,0.0,compatible,active,true,0.29127673274279114,0.2727350753953906
root_5,herald,0.0,E_withdrawal,0.0,50.0,0.35,0.0,compatible,herald,false,0.4943142780950648,0.4999176525624341
root_5,herald,0.0,E_withdrawal,0.04375,50.0,0.30624999999999997,0.0,compatible,herald,false,0.4896777143485972,0.499945491849714
root_5,herald,0.0,E_withdrawal,0.021875,50.0,0.328125,0.0,compatible,herald,false,0.4928168895907349,0.4999281309788983
root_5,herald,0.0,E_withdrawal,0.0875,50.0,0.26249999999999996,0.0,compatible,active,true,0.3054581675322085,0.3079757814645405
root_5,herald,0.0,E_withdrawal,0.06562499999999999,50.0,0.284375,0.0,compatible,active,true,0.3067619589850496,0.31119444482764996
root_5,herald,0.0,E_withdrawal,0.05468749999999999,50.0,0.2953125,0.0,compatible,herald,false,0.48239838201212065,0.49996815567309905
root_5,herald,0.0,E_withdrawal,0.04921874999999999,50.0,0.30078125,0.0,compatible,herald,false,0.4877521943921166,0.4999535420074267
root_5,herald,0.0,E_withdrawal,0.060156249999999994,50.0,0.28984374999999996,0.0,compatible,active,true,0.3074023338666532,0.3134497609633836
root_5,herald,0.0,E_withdrawal,0.057421875,50.0,0.29257812499999997,0.0,compatible,active,true,0.459463148969066,0.4999689365225097
root_5,herald,0.0,E_withdrawal,0.06289062499999999,50.0,0.287109375,0.0,compatible,active,true,0.3069266439251777,0.3116001336944819
root_5,herald,0.0,E_withdrawal,0.07656249999999999,50.0,0.2734375,0.0,compatible,active,true,0.30610966293783126,0.30958469760390633
root_5,herald,0.0,E_withdrawal,0.13125,50.0,0.21874999999999997,0.0,compatible,active,true,0.3028597382603871,0.30154800936539256
root_5,herald,0.0,E_withdrawal,0.109375,50.0,0.24062499999999998,0.0,compatible,active,true,0.30415749963361066,0.30476038090181745
root_5,herald,0.0,E_withdrawal,0.175,50.0,0.175,0.0,compatible,active,true,0.3002720624266471,0.29513137967383674
root_5,herald,0.0,E_withdrawal,0.153125,50.0,0.19687499999999997,0.0,compatible,active,true,0.30156466320837083,0.2983384211666004
root_5,herald,0.0,E_withdrawal,0.21875,50.0,0.13124999999999998,0.0,compatible,active,true,0.29769347253567174,0.28872403101307015
root_5,herald,0.0,E_withdrawal,0.196875,50.0,0.15312499999999998,0.0,compatible,active,true,0.2989817313800426,0.2919266564088565
root_5,herald,0.0,E_withdrawal,0.2625,50.0,0.08749999999999997,0.0,compatible,active,true,0.2951224100925394,0.2823242229843694
root_5,herald,0.0,E_withdrawal,0.240625,50.0,0.10937499999999997,0.0,compatible,active,true,0.2964070940454386,0.28552328897635
root_5,herald,0.0,E_withdrawal,0.30625,50.0,0.043749999999999956,0.0,compatible,active,true,0.29255740466908164,0.275930312734926
root_5,herald,0.0,E_withdrawal,0.28437500000000004,50.0,0.06562499999999993,0.0,compatible,active,true,0.29383923927276095,0.27912663015373246
root_5,herald,0.0,E_withdrawal,0.35,50.0,0.0,0.0,compatible,active,true,0.28999705457566094,0.26954073248054444
root_5,herald,0.0,E_withdrawal,0.328125,50.0,0.021874999999999978,0.0,compatible,active,true,0.29127673304325324,0.2727350768231617
root_5,herald,0.0,E_withdrawal,0.0,100.0,0.35,0.0,compatible,herald,false,0.4943142780950648,0.4999176525624341
root_5,herald,0.0,E_withdrawal,0.04375,100.0,0.30624999999999997,0.0,compatible,herald,false,0.4890710803423986,0.4999483212095871
root_5,herald,0.0,E_withdrawal,0.021875,100.0,0.328125,0.0,compatible,herald,false,0.49280751182488475,0.49992819693583335
root_5,herald,0.0,E_withdrawal,0.0875,100.0,0.26249999999999996,0.0,compatible,active,true,0.3054581676118736,0.30797578165312195
root_5,herald,0.0,E_withdrawal,0.06562499999999999,100.0,0.284375,0.0,compatible,active,true,0.3067619717967187,0.31119446787548916
root_5,herald,0.0,E_withdrawal,0.05468749999999999,100.0,0.2953125,0.0,compatible,active,true,0.3074151245151498,0.3128051261511138
root_5,herald,0.0,E_withdrawal,0.04921874999999999,100.0,0.30078125,0.0,compatible,active,true,0.3075352183093024,0.3134015985814916
root_5,herald,0.0,E_withdrawal,0.046484374999999994,100.0,0.30351562499999996,0.0,compatible,herald,false,0.48701562523143604,0.4999563549636247
root_5,herald,0.0,E_withdrawal,0.05195312499999999,100.0,0.298046875,0.0,compatible,active,true,0.3075785481390668,0.3132079335125685
root_5,herald,0.0,E_withdrawal,0.060156249999999994,100.0,0.28984374999999996,0.0,compatible,active,true,0.3070884407493485,0.3119996838387585
root_5,herald,0.0,E_withdrawal,0.07656249999999999,100.0,0.2734375,0.0,compatible,active,true,0.30610966292853636,0.30958469754412243
root_5,herald,0.0,E_withdrawal,0.13125,100.0,0.21874999999999997,0.0,compatible,active,true,0.30285973826882356,0.3015480093640791
root_5,herald,0.0,E_withdrawal,0.109375,100.0,0.24062499999999998,0.0,compatible,active,true,0.30415749959782606,0.30476038091959995
root_5,herald,0.0,E_withdrawal,0.175,100.0,0.175,0.0,compatible,active,true,0.30027206238613496,0.29513137957421687
root_5,herald,0.0,E_withdrawal,0.153125,100.0,0.19687499999999997,0.0,compatible,active,true,0.3015646631882481,0.29833842109991027
root_5,herald,0.0,E_withdrawal,0.21875,100.0,0.13124999999999998,0.0,compatible,active,true,0.2976934724661931,0.2887240309164837
root_5,herald,0.0,E_withdrawal,0.196875,100.0,0.15312499999999998,0.0,compatible,active,true,0.29898173139112194,0.29192665647205573
root_5,herald,0.0,E_withdrawal,0.2625,100.0,0.08749999999999997,0.0,compatible,active,true,0.2951224101072428,0.28232422307833543
root_5,herald,0.0,E_withdrawal,0.240625,100.0,0.10937499999999997,0.0,compatible,active,true,0.2964070941005091,0.28552328911828423
root_5,herald,0.0,E_withdrawal,0.30625,100.0,0.043749999999999956,0.0,compatible,active,true,0.29255740465501895,0.27593031277543056
root_5,herald,0.0,E_withdrawal,0.28437500000000004,100.0,0.06562499999999993,0.0,compatible,active,true,0.29383923929347083,0.27912663021381107
root_5,herald,0.0,E_withdrawal,0.35,100.0,0.0,0.0,compatible,active,true,0.28999705451089774,0.26954073230726094
root_5,herald,0.0,E_withdrawal,0.328125,100.0,0.021874999999999978,0.0,compatible,active,true,0.29127673304499885,0.2727350768200438
root_5,herald,0.0,E_withdrawal,0.0,200.0,0.35,0.0,compatible,herald,false,0.4943142780950648,0.4999176525624341
root_5,herald,0.0,E_withdrawal,0.04375,200.0,0.30624999999999997,0.0,compatible,herald,false,0.48879959103251636,0.49994952073097043
root_5,herald,0.0,E_withdrawal,0.021875,200.0,0.328125,0.0,compatible,herald,false,0.49280744709067775,0.49992819740152433
root_5,herald,0.0,E_withdrawal,0.0875,200.0,0.26249999999999996,0.0,compatible,active,true,0.3054581675671933,0.3079757815913359
root_5,herald,0.0,E_withdrawal,0.06562499999999999,200.0,0.284375,0.0,compatible,active,true,0.3067619718016776,0.3111944678007456
root_5,herald,0.0,E_withdrawal,0.05468749999999999,200.0,0.2953125,0.0,compatible,active,true,0.30741512449738906,0.31280512615667055
root_5,herald,0.0,E_withdrawal,0.04921874999999999,200.0,0.30078125,0.0,compatible,active,true,0.3077420269438851,0.31361079916301654
root_5,herald,0.0,E_withdrawal,0.046484374999999994,200.0,0.30351562499999996,0.0,compatible,active,true,0.3079055613882201,0.3140137234621282
root_5,herald,0.0,E_withdrawal,0.05195312499999999,200.0,0.298046875,0.0,compatible,active,true,0.3075785481312562,0.3132079335306401
root_5,herald,0.0,E_withdrawal,0.060156249999999994,200.0,0.28984374999999996,0.0,compatible,active,true,0.3070884407242845,0.3119996838141316
root_5,herald,0.0,E_withdrawal,0.07656249999999999,200.0,0.2734375,0.0,compatible,active,true,0.30610966293196396,0.3095846975518803
root_5,herald,0.0,E_withdrawal,0.13125,200.0,0.21874999999999997,0.0,compatible,active,true,0.30285973823888246,0.30154800921468344
root_5,herald,0.0,E_withdrawal,0.109375,200.0,0.24062499999999998,0.0,compatible,active,true,0.30415749961350735,0.3047603809149752
root_5,herald,0.0,E_withdrawal,0.175,200.0,0.175,0.0,compatible,active,true,0.30027206241222204,0.29513137961071034
root_5,herald,0.0,E_withdrawal,0.153125,200.0,0.19687499999999997,0.0,compatible,active,true,0.3015646632074238,0.2983384211578757
root_5,herald,0.0,E_withdrawal,0.21875,200.0,0.13124999999999998,0.0,compatible,active,true,0.29769347248382383,0.2887240308905662
root_5,herald,0.0,E_withdrawal,0.196875,200.0,0.15312499999999998,0.0,compatible,active,true,0.2989817313783446,0.29192665639971543
root_5,herald,0.0,E_withdrawal,0.2625,200.0,0.08749999999999997,0.0,compatible,active,true,0.29512241011874263,0.28232422307698335
root_5,herald,0.0,E_withdrawal,0.240625,200.0,0.10937499999999997,0.0,compatible,active,true,0.2964070940985866,0.2855232891453549
root_5,herald,0.0,E_withdrawal,0.30625,200.0,0.043749999999999956,0.0,compatible,active,true,0.2925574046736699,0.27593031276063384
root_5,herald,0.0,E_withdrawal,0.28437500000000004,200.0,0.06562499999999993,0.0,compatible,active,true,0.29383923929217165,0.2791266301993869
root_5,herald,0.0,E_withdrawal,0.35,200.0,0.0,0.0,compatible,active,true,0.289997054573587,0.269540732384356
root_5,herald,0.0,E_withdrawal,0.328125,200.0,0.021874999999999978,0.0,compatible,active,true,0.2912767330825306,0.272735076925928
